water_year,AgEra-5_precipitation_mm,prism_precipitation_mm,rdpa_precipitation_mm,nclimgrid_precipitation_mm,gridmet_precipitation_mm,chirps_precipitation_mm,ensemble_et_mm,disalexi_et_mm,eemetric_et_mm,ptjpl_et_mm,ssebop_et_mm,geesebal_et_mm,q_mm,wbet_AgEra-5_mm,wbet_prism_mm,wbet_rdpa_mm,wbet_nclimgrid_mm,wbet_gridmet_mm,wbet_chirps_mm
2023.0,528.9156016813264,548.0026259945357,409.4998102762057,525.0961645913154,573.1342523837488,458.04623102634395,433.23953767950957,392.60564371753486,248.49185334285434,686.6474484715816,475.6552908187434,311.31776941932833,18.57669801672211,510.33890366460423,529.4259279778137,390.9231122594836,506.51946657459325,554.5575543670268,439.4695330096218
